,age,charges
3,33,21984.47061
4,32,3866.8552
33,63,13770.0979
35,19,1625.43375
75,57,11356.6609
133,19,1632.56445
137,22,2045.68525
155,44,6948.7008
164,37,5028.1466
180,58,11735.87905
195,19,1639.5631
245,54,24476.47851
274,25,2523.1695
316,50,8835.26495
341,62,13352.0998
349,19,1635.73365
395,46,7526.70645
410,19,1621.3402
453,20,1769.53165
464,19,1632.03625
477,25,2534.39375
544,54,10231.4999
559,19,1646.4297
581,19,1639.5631
601,51,9174.13565
624,59,12129.61415
675,45,7222.78625
683,53,9863.4718
693,24,2352.96845
698,56,10976.24575
744,50,8827.2099
747,19,1627.28245
749,28,3062.50825
751,21,1906.35825
752,64,14210.53595
779,53,9869.8102
787,21,1917.3184
821,26,2680.9493
824,60,12523.6048
833,58,11743.9341
849,55,10601.63225
923,34,4320.41085
943,19,1628.4709
948,42,6358.77645
1015,59,12124.9924
1027,23,21595.38229
1034,61,12950.0712
1055,55,10594.50155
1072,21,1909.52745
1087,57,11353.2276
1134,28,19673.33573
1202,22,2055.3249
1235,26,2699.56835
